"step","time","part","epoch","loss","lr","outcome_score","outcome_auroc","outcome_auprc","outcome_f_measure","outcome_accuracy","cpc_mse","cpc_mae"
20,"2023-09-16 12:54:18.526301","train",0,0.33821552991867065,0.00032017319380484455,"","","","","","",""
40,"2023-09-16 12:54:25.490955","train",0,0.2644471228122711,0.00032069275959641184,"","","","","","",""
60,"2023-09-16 12:54:32.447016","train",0,0.35008329153060913,0.00032155865050721363,"","","","","","",""
80,"2023-09-16 12:54:39.404523","train",0,0.33909761905670166,0.00032277078842947015,"","","","","","",""
100,"2023-09-16 12:54:46.369048","train",0,0.2779373228549957,0.0003243290640221495,"","","","","","",""
120,"2023-09-16 12:54:53.334705","train",0,0.2860065698623657,0.0003262333367208348,"","","","","","",""
140,"2023-09-16 12:55:00.301089","train",0,0.34324923157691956,0.000328483434750405,"","","","","","",""
160,"2023-09-16 12:55:07.267841","train",0,0.30949708819389343,0.0003310791551405269,"","","","","","",""
180,"2023-09-16 12:55:14.233450","train",0,0.3751729428768158,0.0003340202637439659,"","","","","","",""
200,"2023-09-16 12:55:21.200819","train",0,0.3320358395576477,0.00033730649525770713,"","","","","","",""
220,"2023-09-16 12:55:28.168169","train",0,0.23721234500408173,0.00034093755324688616,"","","","","","",""
240,"2023-09-16 12:55:35.135946","train",0,0.22253234684467316,0.00034491311017152866,"","","","","","",""
260,"2023-09-16 12:55:42.109007","train",0,0.2342391461133957,0.0003492328074160998,"","","","","","",""
280,"2023-09-16 12:55:49.085721","train",0,0.3107365667819977,0.0003538962553218455,"","","","","","",""
300,"2023-09-16 12:55:56.062475","train",0,0.2546221911907196,0.00035890303322195453,"","","","","","",""
320,"2023-09-16 12:56:03.038696","train",0,0.37532901763916016,0.0003642526894794898,"","","","","","",""
340,"2023-09-16 12:56:10.018206","train",0,0.2067200243473053,0.00036994474152813716,"","","","","","",""
360,"2023-09-16 12:56:16.996004","train",0,0.22053493559360504,0.00037597867591573474,"","","","","","",""
380,"2023-09-16 12:56:23.972379","train",0,0.2252495139837265,0.00038235394835058837,"","","","","","",""
400,"2023-09-16 12:56:30.948663","train",0,0.22774887084960938,0.0003890699837505668,"","","","","","",""
401,"2023-09-16 12:57:25.824614","train",0,"","",0.599157229391625,0.8645300989103623,0.9005055948549147,0.7807212683102243,0.7929941271243698,2.9418949119068656,0.8595707083831402
401,"2023-09-16 12:57:38.546113","val",0,"","",0.22131147540983606,0.7355005542524276,0.7542771616260288,0.6833256233501059,0.7009004623996106,4.703334144560721,1.2460452664881967
420,"2023-09-16 12:57:46.405847","train",1,0.20946004986763,0.00039612617629498047,"","","","","","",""
440,"2023-09-16 12:57:53.389380","train",1,0.2313726395368576,0.0004035218894792277,"","","","","","",""
460,"2023-09-16 12:58:00.370660","train",1,0.25236615538597107,0.00041125645617221245,"","","","","","",""
480,"2023-09-16 12:58:07.351836","train",1,0.21620187163352966,0.0004193291786765219,"","","","","","",""
500,"2023-09-16 12:58:14.334137","train",1,0.2561262249946594,0.0004277393287913586,"","","","","","",""
520,"2023-09-16 12:58:21.315984","train",1,0.20819537341594696,0.00043648614787823725,"","","","","","",""
540,"2023-09-16 12:58:28.296747","train",1,0.18767599761486053,0.00044556884692940717,"","","","","","",""
560,"2023-09-16 12:58:35.279697","train",1,0.30159100890159607,0.0004549866066390299,"","","","","","",""
580,"2023-09-16 12:58:42.262247","train",1,0.2844197154045105,0.00046473857747708885,"","","","","","",""
600,"2023-09-16 12:58:49.245486","train",1,0.24950657784938812,0.00047482387976601186,"","","","","","",""
620,"2023-09-16 12:58:56.228518","train",1,0.2156723141670227,0.0004852416037600324,"","","","","","",""
640,"2023-09-16 12:59:03.212623","train",1,0.17514805495738983,0.0004959908097272453,"","","","","","",""
660,"2023-09-16 12:59:10.196161","train",1,0.1980276107788086,0.0005070705280343776,"","","","","","",""
680,"2023-09-16 12:59:17.180209","train",1,0.22800037264823914,0.0005184797592342593,"","","","","","",""
700,"2023-09-16 12:59:24.163989","train",1,0.23186731338500977,0.0005302174741559727,"","","","","","",""
720,"2023-09-16 12:59:31.149201","train",1,0.20847541093826294,0.0005422826139976902,"","","","","","",""
740,"2023-09-16 12:59:38.133553","train",1,0.23988936841487885,0.0005546740904221843,"","","","","","",""
760,"2023-09-16 12:59:45.116624","train",1,0.25907301902770996,0.0005673907856550047,"","","","","","",""
780,"2023-09-16 12:59:52.099059","train",1,0.19516383111476898,0.0005804315525852989,"","","","","","",""
800,"2023-09-16 12:59:59.081597","train",1,0.23415738344192505,0.0005937952148692954,"","","","","","",""
802,"2023-09-16 13:00:54.103703","train",1,"","",0.6930032481783864,0.9069177532603462,0.9330288312565213,0.7852673279256355,0.8055194636453407,2.811756145730471,0.8270360168390416
802,"2023-09-16 13:01:06.816776","val",1,"","",0.28904227782571185,0.7742448702143644,0.7942568442037297,0.6698194579458363,0.6979800438062789,4.674129958627403,1.2387442200048673
820,"2023-09-16 13:01:14.333495","train",2,0.21288526058197021,0.0006074805670364114,"","","","","","",""
840,"2023-09-16 13:01:21.318644","train",2,0.23122337460517883,0.0006214863745979968,"","","","","","",""
860,"2023-09-16 13:01:28.301660","train",2,0.1722540259361267,0.0006358113741586841,"","","","","","",""
880,"2023-09-16 13:01:35.286235","train",2,0.1678878515958786,0.0006504542735303607,"","","","","","",""
900,"2023-09-16 13:01:42.268991","train",2,0.2418767511844635,0.0006654137518487249,"","","","","","",""
920,"2023-09-16 13:01:49.252810","train",2,0.27697452902793884,0.0006806884596924417,"","","","","","",""
940,"2023-09-16 13:01:56.236478","train",2,0.2605099678039551,0.0006962770192048568,"","","","","","",""
960,"2023-09-16 13:02:03.225852","train",2,0.3715180456638336,0.0007121780242183,"","","","","","",""
980,"2023-09-16 13:02:10.218039","train",2,0.14922702312469482,0.0007283900403809154,"","","","","","",""
1000,"2023-09-16 13:02:17.211788","train",2,0.26104897260665894,0.0007449116052860565,"","","","","","",""
1020,"2023-09-16 13:02:24.204815","train",2,0.2351704239845276,0.000761741228604197,"","","","","","",""
1040,"2023-09-16 13:02:31.197314","train",2,0.16782055795192719,0.0007788773922173704,"","","","","","",""
1060,"2023-09-16 13:02:38.190008","train",2,0.21445994079113007,0.0007963185503561095,"","","","","","",""
1080,"2023-09-16 13:02:45.183714","train",2,0.21942996978759766,0.0008140631297388849,"","","","","","",""
1100,"2023-09-16 13:02:52.177395","train",2,0.202152818441391,0.0008321095297140193,"","","","","","",""
1120,"2023-09-16 13:02:59.171529","train",2,0.21770009398460388,0.0008504561224040776,"","","","","","",""
1140,"2023-09-16 13:03:06.166125","train",2,0.21319326758384705,0.000869101252852709,"","","","","","",""
1160,"2023-09-16 13:03:13.160240","train",2,0.2334606647491455,0.0008880432391739322,"","","","","","",""
1180,"2023-09-16 13:03:20.154714","train",2,0.26413679122924805,0.0009072803727038494,"","","","","","",""
1200,"2023-09-16 13:03:27.148804","train",2,0.2526051700115204,0.0009268109181547798,"","","","","","",""
1203,"2023-09-16 13:04:22.606451","train",2,"","",0.6839610218593627,0.9094427660232246,0.935840432604391,0.8151695627580504,0.817369159607089,2.5585468530741644,0.7637336936749649
1203,"2023-09-16 13:04:35.362366","val",2,"","",0.26100086281276963,0.7659867258832764,0.7643352027337641,0.7084398646890451,0.7096617181796058,4.5339498661474815,1.203699196884887
1220,"2023-09-16 13:04:42.520516","train",3,0.190145805478096,0.0009466331137717842,"","","","","","",""
1240,"2023-09-16 13:04:49.512437","train",3,0.1684255301952362,0.0009667451714915959,"","","","","","",""
1260,"2023-09-16 13:04:56.503587","train",3,0.1695651412010193,0.0009871452771039006,"","","","","","",""
1280,"2023-09-16 13:05:03.494277","train",3,0.17791303992271423,0.0010078315904149945,"","","","","","",""
1300,"2023-09-16 13:05:10.485381","train",3,0.32571941614151,0.0010288022454137792,"","","","","","",""
1320,"2023-09-16 13:05:17.476327","train",3,0.16866903007030487,0.0010500553504400835,"","","","","","",""
1340,"2023-09-16 13:05:24.466810","train",3,0.22717654705047607,0.0010715889883553004,"","","","","","",""
1360,"2023-09-16 13:05:31.458261","train",3,0.2038901448249817,0.0010934012167153244,"","","","","","",""
1380,"2023-09-16 13:05:38.449414","train",3,0.15724462270736694,0.001115490067945769,"","","","","","",""
1400,"2023-09-16 13:05:45.440859","train",3,0.24430663883686066,0.0011378535495194537,"","","","","","",""
1420,"2023-09-16 13:05:52.432885","train",3,0.21339738368988037,0.0011604896441361348,"","","","","","",""
1440,"2023-09-16 13:05:59.423910","train",3,0.24740232527256012,0.0011833963099044846,"","","","","","",""
1460,"2023-09-16 13:06:06.415847","train",3,0.2306205928325653,0.0012065714805262716,"","","","","","",""
1480,"2023-09-16 13:06:13.406302","train",3,0.1862262487411499,0.0012300130654827593,"","","","","","",""
1500,"2023-09-16 13:06:20.396835","train",3,0.26530617475509644,0.0012537189502232733,"","","","","","",""
1520,"2023-09-16 13:06:27.387814","train",3,0.2082635760307312,0.0012776869963559544,"","","","","","",""
1540,"2023-09-16 13:06:34.379230","train",3,0.1310098022222519,0.001301915041840641,"","","","","","",""
1560,"2023-09-16 13:06:41.369970","train",3,0.23801173269748688,0.001326400901183908,"","","","","","",""
1580,"2023-09-16 13:06:48.362092","train",3,0.2535490095615387,0.0013511423656361998,"","","","","","",""
1600,"2023-09-16 13:06:55.353214","train",3,0.20701542496681213,0.0013761372033910752,"","","","","","",""
1604,"2023-09-16 13:07:51.165158","train",3,"","",0.6076727240804144,0.901232082317754,0.9237979943873782,0.7573304898138089,0.7886284496647783,3.0483862585104724,0.886232524297074
1604,"2023-09-16 13:08:03.911583","val",3,"","",0.41242450388265744,0.8058509882361677,0.8321376471533584,0.6557535277038844,0.7004137259673887,4.617668532489657,1.2246288634704308
1620,"2023-09-16 13:08:10.760173","train",4,0.2082757204771042,0.0014013831597865269,"","","","","","",""
1640,"2023-09-16 13:08:17.751727","train",4,0.15003131330013275,0.0014268779575083686,"","","","","","",""
1660,"2023-09-16 13:08:24.742280","train",4,0.1718151867389679,0.0014526192967956484,"","","","","","",""
1680,"2023-09-16 13:08:31.733036","train",4,0.2150154560804367,0.0014786048556481102,"","","","","","",""
1700,"2023-09-16 13:08:38.724721","train",4,0.25033658742904663,0.0015048322900356468,"","","","","","",""
1720,"2023-09-16 13:08:45.717266","train",4,0.2285960465669632,0.0015312992341097384,"","","","","","",""
1740,"2023-09-16 13:08:52.709282","train",4,0.15052878856658936,0.0015580033004168733,"","","","","","",""
1760,"2023-09-16 13:08:59.702041","train",4,0.19255737960338593,0.0015849420801139005,"","","","","","",""
1780,"2023-09-16 13:09:06.692634","train",4,0.18375028669834137,0.001612113143185323,"","","","","","",""
1800,"2023-09-16 13:09:13.684714","train",4,0.17292189598083496,0.0016395140386624976,"","","","","","",""
1820,"2023-09-16 13:09:20.677270","train",4,0.2137925624847412,0.001667142294844725,"","","","","","",""
1840,"2023-09-16 13:09:27.669423","train",4,0.18561974167823792,0.001694995419522209,"","","","","","",""
1860,"2023-09-16 13:09:34.660993","train",4,0.24077315628528595,0.0017230709002008654,"","","","","","",""
1880,"2023-09-16 13:09:41.654214","train",4,0.14976514875888824,0.0017513662043289642,"","","","","","",""
1900,"2023-09-16 13:09:48.647864","train",4,0.17625832557678223,0.0017798787795255781,"","","","","","",""
1920,"2023-09-16 13:09:55.638881","train",4,0.21445851027965546,0.0018086060538108203,"","","","","","",""
1940,"2023-09-16 13:10:02.629918","train",4,0.1999267041683197,0.001837545435837848,"","","","","","",""
1960,"2023-09-16 13:10:09.622205","train",4,0.18799103796482086,0.0018666943151266178,"","","","","","",""
1980,"2023-09-16 13:10:16.614393","train",4,0.12753471732139587,0.0018960500622993625,"","","","","","",""
2000,"2023-09-16 13:10:23.606740","train",4,0.20818588137626648,0.0019256100293177794,"","","","","","",""
2005,"2023-09-16 13:11:19.748962","train",4,"","",0.6635940654902993,0.8962523827337208,0.9235636190419327,0.7849421413296558,0.8027129567070319,2.6090639779637232,0.8130034821474975
2005,"2023-09-16 13:11:32.489133","val",4,"","",0.2200172562553926,0.7450665271521069,0.7597494880443031,0.6534504618144161,0.6882453151618398,4.5945485519591145,1.2862010221465077
2020,"2023-09-16 14:07:03.130367","train",5,0.18220864236354828,0.001955371549721887,"","","","","","",""
2040,"2023-09-16 14:07:10.094169","train",5,0.21507108211517334,0.0019853319388705645,"","","","","","",""
2060,"2023-09-16 14:07:17.058912","train",5,0.26170802116394043,0.0020154884941837098,"","","","","","",""
2080,"2023-09-16 14:07:24.026796","train",5,0.2430826723575592,0.0020458384953860355,"","","","","","",""
2100,"2023-09-16 14:07:30.992640","train",5,0.18865573406219482,0.002076379204752443,"","","","","","",""
2120,"2023-09-16 14:07:37.959674","train",5,0.2165481299161911,0.0021071078673549886,"","","","","","",""
2140,"2023-09-16 14:07:44.926090","train",5,0.34182047843933105,0.00213802171131138,"","","","","","",""
2160,"2023-09-16 14:07:51.895342","train",5,0.22737041115760803,0.002169117948035028,"","","","","","",""
2180,"2023-09-16 14:07:58.868123","train",5,0.1905229091644287,0.002200393772486581,"","","","","","",""
2200,"2023-09-16 14:08:05.846628","train",5,0.12702080607414246,0.002231846363426956,"","","","","","",""
2220,"2023-09-16 14:08:12.826018","train",5,0.18323914706707,0.0022634728836718318,"","","","","","",""
2240,"2023-09-16 14:08:19.804563","train",5,0.17574439942836761,0.002295270480347577,"","","","","","",""
2260,"2023-09-16 14:08:26.784672","train",5,0.20374032855033875,0.0023272362851485895,"","","","","","",""
2280,"2023-09-16 14:08:33.764745","train",5,0.19630543887615204,0.0023593674145960374,"","","","","","",""
2300,"2023-09-16 14:08:40.744965","train",5,0.2069442868232727,0.0023916609702979603,"","","","","","",""
2320,"2023-09-16 14:08:47.725637","train",5,0.19404900074005127,0.0024241140392107213,"","","","","","",""
2340,"2023-09-16 14:08:54.706617","train",5,0.19879834353923798,0.0024567236939017773,"","","","","","",""
2360,"2023-09-16 14:09:01.687641","train",5,0.22994568943977356,0.002489486992813746,"","","","","","",""
2380,"2023-09-16 14:09:08.668029","train",5,0.13487137854099274,0.0025224009805297556,"","","","","","",""
2400,"2023-09-16 14:09:15.649146","train",5,0.23071755468845367,0.002555462688040029,"","","","","","",""
2406,"2023-09-16 14:10:13.256578","train",5,"","",0.5305065402510755,0.8648666647655161,0.8922887173924173,0.7600821320997257,0.7843147445558962,2.9616444051764463,0.864352164648407
2406,"2023-09-16 14:10:26.659353","val",5,"","",0.15616911130284727,0.642388074010161,0.6720462982576597,0.6090483034389205,0.6541737649063032,5.130688732051594,1.3599415916281334
2420,"2023-09-16 14:10:33.263033","train",6,0.17496424913406372,0.002588669133009718,"","","","","","",""
2440,"2023-09-16 14:10:40.248070","train",6,0.19583691656589508,0.0026220173200479082,"","","","","","",""
2460,"2023-09-16 14:10:47.231207","train",6,0.14665211737155914,0.002655504240977831,"","","","","","",""
2480,"2023-09-16 14:10:54.214110","train",6,0.23734316229820251,0.00268912687510821,"","","","","","",""
2500,"2023-09-16 14:11:01.196991","train",6,0.20719686150550842,0.0027228821895057456,"","","","","","",""
2520,"2023-09-16 14:11:08.180954","train",6,0.2007218301296234,0.0027567671392687053,"","","","","","",""
2540,"2023-09-16 14:11:15.165473","train",6,0.17129409313201904,0.002790778667801577,"","","","","","",""
2560,"2023-09-16 14:11:22.156172","train",6,0.1992039829492569,0.0028249137070908,"","","","","","",""
2580,"2023-09-16 14:11:29.148895","train",6,0.209196075797081,0.0028591691779815158,"","","","","","",""
2600,"2023-09-16 14:11:36.142417","train",6,0.16643722355365753,0.002893541990455318,"","","","","","",""
2620,"2023-09-16 14:11:43.136215","train",6,0.16071127355098724,0.002928029043908989,"","","","","","",""
2640,"2023-09-16 14:11:50.129515","train",6,0.1904231756925583,0.002962627227434191,"","","","","","",""
2660,"2023-09-16 14:11:57.122919","train",6,0.19547009468078613,0.002997333420098092,"","","","","","",""
2680,"2023-09-16 14:12:04.115715","train",6,0.16545988619327545,0.0030321444912248764,"","","","","","",""
2700,"2023-09-16 14:12:11.109921","train",6,0.23930519819259644,0.003067057300678161,"","","","","","",""
2720,"2023-09-16 14:12:18.104822","train",6,0.19477766752243042,0.003102068699144243,"","","","","","",""
2740,"2023-09-16 14:12:25.098767","train",6,0.1725618839263916,0.00313717552841619,"","","","","","",""
2760,"2023-09-16 14:12:32.093180","train",6,0.2133416384458542,0.003172374621678721,"","","","","","",""
2780,"2023-09-16 14:12:39.087588","train",6,0.23236680030822754,0.0032076628037938726,"","","","","","",""
2800,"2023-09-16 14:12:46.081582","train",6,0.2007974535226822,0.0032430368915874128,"","","","","","",""
2807,"2023-09-16 14:13:44.047974","train",6,"","",0.7254850320428409,0.9178428382670928,0.9406843032652464,0.8221100620243491,0.8310898601943766,2.1467699184034092,0.6491346603606881
2807,"2023-09-16 14:13:57.436149","val",6,"","",0.25668679896462465,0.7584604789839361,0.7785647912395703,0.681381378236678,0.697249939157946,4.4390362618642,1.2061328790459966
2820,"2023-09-16 14:14:03.720533","train",7,0.15920959413051605,0.0032784936941359774,"","","","","","",""
2840,"2023-09-16 14:14:10.714621","train",7,0.20335687696933746,0.0033140300130549112,"","","","","","",""
2860,"2023-09-16 14:14:17.706505","train",7,0.18551935255527496,0.0033496426427867734,"","","","","","",""
2880,"2023-09-16 14:14:24.700267","train",7,0.2128458023071289,0.0033853283708904997,"","","","","","",""
2900,"2023-09-16 14:14:31.692766","train",7,0.208197221159935,0.0034210839783311783,"","","","","","",""
2920,"2023-09-16 14:14:38.686174","train",7,0.2215069979429245,0.0034569062397704275,"","","","","","",""
2940,"2023-09-16 14:14:45.679877","train",7,0.2266172617673874,0.003492791923857331,"","","","","","",""
2960,"2023-09-16 14:14:52.675439","train",7,0.15514563024044037,0.0035287377935199274,"","","","","","",""
2980,"2023-09-16 14:14:59.669289","train",7,0.2044544219970703,0.003564740606257208,"","","","","","",""
3000,"2023-09-16 14:15:06.663793","train",7,0.2810523509979248,0.0036007971144316094,"","","","","","",""
3020,"2023-09-16 14:15:13.658140","train",7,0.24515730142593384,0.0036369040655619645,"","","","","","",""
3040,"2023-09-16 14:15:20.653176","train",7,0.2360261082649231,0.0036730582026168954,"","","","","","",""
3060,"2023-09-16 14:15:27.647531","train",7,0.20976044237613678,0.003709256264308609,"","","","","","",""
3080,"2023-09-16 14:15:34.642806","train",7,0.186375230550766,0.0037454949853870925,"","","","","","",""
3100,"2023-09-16 14:15:41.638666","train",7,0.1627296805381775,0.0037817710969346423,"","","","","","",""
3120,"2023-09-16 14:15:48.633770","train",7,0.13627605140209198,0.0038180813266607454,"","","","","","",""
3140,"2023-09-16 14:15:55.629112","train",7,0.22442109882831573,0.0038544223991972566,"","","","","","",""
3160,"2023-09-16 14:16:02.624753","train",7,0.275102823972702,0.003890791036393851,"","","","","","",""
3180,"2023-09-16 14:16:09.619592","train",7,0.15783590078353882,0.0039271839576137295,"","","","","","",""
3200,"2023-09-16 14:16:16.615070","train",7,0.22957392036914825,0.003963597880029549,"","","","","","",""
3208,"2023-09-16 14:17:14.982916","train",7,"","",0.6941445000438943,0.9009929114895063,0.9304279421696012,0.8146617499304144,0.8196039706875942,2.3334546021516553,0.7063042461410529
3208,"2023-09-16 14:17:28.415948","val",7,"","",0.23080241587575495,0.7353509711340701,0.7478222837456998,0.676528119435428,0.6841080554879533,4.76539303966902,1.2983694329520565
3220,"2023-09-16 14:17:34.302700","train",8,0.19462408125400543,0.0040000295189195545,"","","","","","",""
3240,"2023-09-16 14:17:41.297827","train",8,0.18053270876407623,0.004036475587963874,"","","","","","",""
3260,"2023-09-16 14:17:48.290862","train",8,0.13485802710056305,0.00407293279954096,"","","","","","",""
3280,"2023-09-16 14:17:55.284953","train",8,0.21989448368549347,0.004109397865024152,"","","","","","",""
3300,"2023-09-16 14:18:02.278093","train",8,0.22150178253650665,0.004145867495078329,"","","","","","",""
3320,"2023-09-16 14:18:09.270912","train",8,0.19101430475711823,0.004182338399956619,"","","","","","",""
3340,"2023-09-16 14:18:16.265382","train",8,0.22464784979820251,0.00421880728979716,"","","","","","",""
3360,"2023-09-16 14:18:23.260015","train",8,0.16888947784900665,0.004255270874919849,"","","","","","",""
3380,"2023-09-16 14:18:30.254255","train",8,0.17982865869998932,0.004291725866123102,"","","","","","",""
3400,"2023-09-16 14:18:37.249712","train",8,0.18995289504528046,0.004328168974980546,"","","","","","",""
3420,"2023-09-16 14:18:44.243757","train",8,0.15428060293197632,0.0043645969141376615,"","","","","","",""
3440,"2023-09-16 14:18:51.237892","train",8,0.20293590426445007,0.004401006397608308,"","","","","","",""
3460,"2023-09-16 14:18:58.232643","train",8,0.18524768948554993,0.004437394141071147,"","","","","","",""
3480,"2023-09-16 14:19:05.227340","train",8,0.21138304471969604,0.004473756862165894,"","","","","","",""
3500,"2023-09-16 14:19:12.221476","train",8,0.1507502943277359,0.004510091280789415,"","","","","","",""
3520,"2023-09-16 14:19:19.215107","train",8,0.19729459285736084,0.004546394119391601,"","","","","","",""
3540,"2023-09-16 14:19:26.210561","train",8,0.19580082595348358,0.004582662103271023,"","","","","","",""
3560,"2023-09-16 14:19:33.205762","train",8,0.1654212772846222,0.004618891960870328,"","","","","","",""
3580,"2023-09-16 14:19:40.200235","train",8,0.2091275006532669,0.0046550804240713395,"","","","","","",""
3600,"2023-09-16 14:19:47.193950","train",8,0.23701977729797363,0.004691224228489879,"","","","","","",""
3609,"2023-09-16 14:20:45.817713","train",8,"","",0.7054692300939338,0.9177162661101799,0.9394530074461271,0.83727843209516,0.8437191414167663,2.09001611142872,0.6363494620861702
3609,"2023-09-16 14:20:59.207427","val",8,"","",0.1993097497842968,0.764169568001064,0.7595174344775976,0.7119295968528844,0.7232903382818204,4.212947189097104,1.1250912630810417
3620,"2023-09-16 14:21:04.779470","train",9,0.1912967711687088,0.004727320113770214,"","","","","","",""
3640,"2023-09-16 14:21:11.771895","train",9,0.16047018766403198,0.004763364823879157,"","","","","","",""
3660,"2023-09-16 14:21:18.765842","train",9,0.21753589808940887,0.0047993551073997895,"","","","","","",""
3680,"2023-09-16 14:21:25.758494","train",9,0.15085536241531372,0.004835287717824746,"","","","","","",""
3700,"2023-09-16 14:21:32.752036","train",9,0.233153834939003,0.0048711594138490695,"","","","","","",""
3720,"2023-09-16 14:21:39.744638","train",9,0.16746942698955536,0.004906966959662595,"","","","","","",""
3740,"2023-09-16 14:21:46.738255","train",9,0.16203513741493225,0.004942707125241829,"","","","","","",""
3760,"2023-09-16 14:21:53.731987","train",9,0.2220977544784546,0.004978376686641324,"","","","","","",""
3780,"2023-09-16 14:22:00.725150","train",9,0.21325673162937164,0.005013972426284489,"","","","","","",""
3800,"2023-09-16 14:22:07.718092","train",9,0.2214675396680832,0.0050494911332538295,"","","","","","",""
3820,"2023-09-16 14:22:14.711551","train",9,0.21477413177490234,0.005084929603580596,"","","","","","",""
3840,"2023-09-16 14:22:21.704570","train",9,0.2628515362739563,0.00512028464053379,"","","","","","",""
3860,"2023-09-16 14:22:28.697688","train",9,0.2556372880935669,0.005155553054908533,"","","","","","",""
3880,"2023-09-16 14:22:35.690866","train",9,0.21232999861240387,0.005190731665313744,"","","","","","",""
3900,"2023-09-16 14:22:42.685552","train",9,0.22244048118591309,0.005225817298459114,"","","","","","",""
3920,"2023-09-16 14:22:49.678708","train",9,0.22056202590465546,0.005260806789441368,"","","","","","",""
3940,"2023-09-16 14:22:56.672397","train",9,0.14248690009117126,0.005295696982029733,"","","","","","",""
3960,"2023-09-16 14:23:03.666512","train",9,0.1421620100736618,0.005330484728950667,"","","","","","",""
3980,"2023-09-16 14:23:10.662041","train",9,0.22797712683677673,0.005365166892171748,"","","","","","",""
4000,"2023-09-16 14:23:17.656690","train",9,0.17774106562137604,0.005399740343184742,"","","","","","",""
4010,"2023-09-16 14:24:16.748227","train",9,"","",0.6521815468352208,0.8930989097997266,0.9199628165172568,0.7723467469467706,0.7923184865651474,2.824385426952861,0.8339483394833949
4010,"2023-09-16 14:24:30.259160","val",9,"","",0.2471958584987058,0.7236207400727154,0.7615750980214607,0.6322514802600434,0.6721830128985155,4.954733511803359,1.331954246775371
4020,"2023-09-16 15:18:04.734765","train",10,0.18863968551158905,0.00543420196328781,"","","","","","",""
4040,"2023-09-16 15:18:11.728009","train",10,0.13279075920581818,0.005468548643866838,"","","","","","",""
4060,"2023-09-16 15:18:18.687907","train",10,0.17024363577365875,0.0055027772866758345,"","","","","","",""
4080,"2023-09-16 15:18:25.652159","train",10,0.22856742143630981,0.005536884804116428,"","","","","","",""
4100,"2023-09-16 15:18:32.621201","train",10,0.19158965349197388,0.005570868119516365,"","","","","","",""
4120,"2023-09-16 15:18:39.591659","train",10,0.1486341804265976,0.005604724167407055,"","","","","","",""
4140,"2023-09-16 15:18:46.561173","train",10,0.19109418988227844,0.00563844989380009,"","","","","","",""
4160,"2023-09-16 15:18:53.531313","train",10,0.17972105741500854,0.005672042256462716,"","","","","","",""
4180,"2023-09-16 15:19:00.501557","train",10,0.16547180712223053,0.005705498225192281,"","","","","","",""
4200,"2023-09-16 15:19:07.475824","train",10,0.18140342831611633,0.005738814782089553,"","","","","","",""
4220,"2023-09-16 15:19:14.447465","train",10,0.20172129571437836,0.005771988921830963,"","","","","","",""
4240,"2023-09-16 15:19:21.422059","train",10,0.18124733865261078,0.005805017651939696,"","","","","","",""
4260,"2023-09-16 15:19:28.405343","train",10,0.1664862334728241,0.00583789799305563,"","","","","","",""
4280,"2023-09-16 15:19:35.388372","train",10,0.21691539883613586,0.005870626979204084,"","","","","","",""
4300,"2023-09-16 15:19:42.370972","train",10,0.20104627311229706,0.005903201658063375,"","","","","","",""
4320,"2023-09-16 15:19:49.354467","train",10,0.21566404402256012,0.005935619091231117,"","","","","","",""
4340,"2023-09-16 15:19:56.338044","train",10,0.1541873663663864,0.005967876354489296,"","","","","","",""
4360,"2023-09-16 15:20:03.323551","train",10,0.1512661725282669,0.005999970538068035,"","","","","","",""
4380,"2023-09-16 15:20:10.307610","train",10,0.2485588788986206,0.006031898746908081,"","","","","","",""
4400,"2023-09-16 15:20:17.291332","train",10,0.21012108027935028,0.006063658100921951,"","","","","","",""
4411,"2023-09-16 15:21:16.714386","train",10,"","",0.6266350627688526,0.896442201827684,0.9189670908296205,0.7959468220845389,0.8119120627825996,2.527363442648511,0.7507406059976093
4411,"2023-09-16 15:21:30.303775","val",10,"","",0.14322691975841242,0.7131717209381189,0.718985862878807,0.6392671848086988,0.6716962764662935,5.027743976636652,1.3353614018009248
4420,"2023-09-16 15:21:35.210169","train",11,0.15042613446712494,0.006095245735253726,"","","","","","",""
4440,"2023-09-16 15:21:42.195489","train",11,0.16808581352233887,0.006126658800537482,"","","","","","",""
4460,"2023-09-16 15:21:49.180050","train",11,0.26503992080688477,0.006157894463154312,"","","","","","",""
4480,"2023-09-16 15:21:56.165796","train",11,0.18517020344734192,0.00618894990548794,"","","","","","",""
4500,"2023-09-16 15:22:03.151343","train",11,0.2245110273361206,0.0062198223261788746,"","","","","","",""
4520,"2023-09-16 15:22:10.137915","train",11,0.1921321004629135,0.006250508940377114,"","","","","","",""
4540,"2023-09-16 15:22:17.122794","train",11,0.17873771488666534,0.006281006979993349,"","","","","","",""
4560,"2023-09-16 15:22:24.110505","train",11,0.20167258381843567,0.006311313693948668,"","","","","","",""
4580,"2023-09-16 15:22:31.096321","train",11,0.1542884260416031,0.006341426348422698,"","","","","","",""
4600,"2023-09-16 15:22:38.082990","train",11,0.1765192151069641,0.006371342227100233,"","","","","","",""
4620,"2023-09-16 15:22:45.069314","train",11,0.23504741489887238,0.006401058631416246,"","","","","","",""
4640,"2023-09-16 15:22:52.056177","train",11,0.23893073201179504,0.006430572880799314,"","","","","","",""
4660,"2023-09-16 15:22:59.043469","train",11,0.2090437263250351,0.006459882312913423,"","","","","","",""
4680,"2023-09-16 15:23:06.029851","train",11,0.1626127064228058,0.006488984283898121,"","","","","","",""
4700,"2023-09-16 15:23:13.017031","train",11,0.16138756275177002,0.00651787616860701,"","","","","","",""
4720,"2023-09-16 15:23:20.003743","train",11,0.2836539149284363,0.006546555360844551,"","","","","","",""
4740,"2023-09-16 15:23:26.990247","train",11,0.21616840362548828,0.006575019273601146,"","","","","","",""
4760,"2023-09-16 15:23:33.977456","train",11,0.16227194666862488,0.0066032653392865065,"","","","","","",""
4780,"2023-09-16 15:23:40.965499","train",11,0.2346046417951584,0.006631291009961265,"","","","","","",""
4800,"2023-09-16 15:23:47.952838","train",11,0.22233182191848755,0.006659093757566809,"","","","","","",""
4812,"2023-09-16 15:24:48.170035","train",11,"","",0.7184619436397156,0.9195464180851033,0.9407449646706967,0.8351775931076026,0.8416402473883894,1.9517176861909464,0.5966945584948807
4812,"2023-09-16 15:25:01.633557","val",11,"","",0.26100086281276963,0.7341031203375694,0.7653642145407182,0.6683269498770003,0.6785105865174008,4.629106838646873,1.2599172548065223
4820,"2023-09-16 15:25:06.187076","train",12,0.24555358290672302,0.006686671074153326,"","","","","","",""
4840,"2023-09-16 15:25:13.175037","train",12,0.23519587516784668,0.0067140204721060255,"","","","","","",""
4860,"2023-09-16 15:25:20.162131","train",12,0.16666622459888458,0.006741139484369553,"","","","","","",""
4880,"2023-09-16 15:25:27.147593","train",12,0.15865279734134674,0.006768025664670512,"","","","","","",""
4900,"2023-09-16 15:25:34.134404","train",12,0.16563263535499573,0.006794676587738139,"","","","","","",""
4920,"2023-09-16 15:25:41.120833","train",12,0.21430113911628723,0.006821089849523077,"","","","","","",""
4940,"2023-09-16 15:25:48.109177","train",12,0.290466845035553,0.006847263067414226,"","","","","","",""
4960,"2023-09-16 15:25:55.095766","train",12,0.17881418764591217,0.006873193880453677,"","","","","","",""
4980,"2023-09-16 15:26:02.083521","train",12,0.1684354841709137,0.006898879949549672,"","","","","","",""
5000,"2023-09-16 15:26:09.071785","train",12,0.2370234727859497,0.006924318957687605,"","","","","","",""
5020,"2023-09-16 15:26:16.059293","train",12,0.23824118077754974,0.0069495086101390375,"","","","","","",""
5040,"2023-09-16 15:26:23.047372","train",12,0.1722763627767563,0.00697444663466868,"","","","","","",""
5060,"2023-09-16 15:26:30.034160","train",12,0.18108615279197693,0.0069991307817393695,"","","","","","",""
5080,"2023-09-16 15:26:37.021598","train",12,0.18145638704299927,0.0070235588247149865,"","","","","","",""
5100,"2023-09-16 15:26:44.008932","train",12,0.25459396839141846,0.007047728560061307,"","","","","","",""
5120,"2023-09-16 15:26:50.997544","train",12,0.21038182079792023,0.007071637807544776,"","","","","","",""
5140,"2023-09-16 15:26:57.985945","train",12,0.1732771098613739,0.0070952844104291745,"","","","","","",""
5160,"2023-09-16 15:27:04.974526","train",12,0.18373483419418335,0.007118666235670165,"","","","","","",""
5180,"2023-09-16 15:27:11.963168","train",12,0.19534160196781158,0.007141781174107707,"","","","","","",""
5200,"2023-09-16 15:27:18.952351","train",12,0.17026235163211823,0.007164627140656314,"","","","","","",""
5213,"2023-09-16 15:28:19.113724","train",12,"","",0.6333947853568607,0.9065715753916863,0.9281727239481447,0.8076290637195451,0.8092095005457097,2.3646380125773088,0.7086949742736864
5213,"2023-09-16 15:28:32.562029","val",12,"","",0.2808455565142364,0.7285599939106917,0.7576124151244881,0.66283708809729,0.6648819664151862,5.023850085178876,1.345096130445364
5220,"2023-09-16 15:28:36.777896","train",13,0.24286909401416779,0.007187202074493133,"","","","","","",""
5240,"2023-09-16 15:28:43.766164","train",13,0.2582177221775055,0.007209503939243854,"","","","","","",""
5260,"2023-09-16 15:28:50.752144","train",13,0.24008701741695404,0.007231530723166382,"","","","","","",""
5280,"2023-09-16 15:28:57.739912","train",13,0.2304772436618805,0.007253280439332327,"","","","","","",""
5300,"2023-09-16 15:29:04.726511","train",13,0.17973411083221436,0.007274751125806221,"","","","","","",""
5320,"2023-09-16 15:29:11.712855","train",13,0.21370850503444672,0.0072959408458225,"","","","","","",""
5340,"2023-09-16 15:29:18.699348","train",13,0.1932700276374817,0.007316847687960208,"","","","","","",""
5360,"2023-09-16 15:29:25.687446","train",13,0.18542824685573578,0.00733746976631542,"","","","","","",""
5380,"2023-09-16 15:29:32.674498","train",13,0.266493558883667,0.007357805220671359,"","","","","","",""
5400,"2023-09-16 15:29:39.662037","train",13,0.2358458936214447,0.0073778522166661935,"","","","","","",""
5420,"2023-09-16 15:29:46.649327","train",13,0.23913954198360443,0.007397608945958513,"","","","","","",""
5440,"2023-09-16 15:29:53.637202","train",13,0.15685777366161346,0.00741707362639044,"","","","","","",""
5460,"2023-09-16 15:30:00.624988","train",13,0.20421446859836578,0.007436244502148405,"","","","","","",""
5480,"2023-09-16 15:30:07.612643","train",13,0.18910831212997437,0.00745511984392151,"","","","","","",""
5500,"2023-09-16 15:30:14.599724","train",13,0.24118351936340332,0.0074736979490575405,"","","","","","",""
5520,"2023-09-16 15:30:21.587916","train",13,0.12364278733730316,0.0074919771417165364,"","","","","","",""
5540,"2023-09-16 15:30:28.575245","train",13,0.220847025513649,0.007509955773021977,"","","","","","",""
5560,"2023-09-16 15:30:35.564297","train",13,0.2388175129890442,0.007527632221209506,"","","","","","",""
5580,"2023-09-16 15:30:42.552857","train",13,0.16846629977226257,0.007545004891773229,"","","","","","",""
5600,"2023-09-16 15:30:49.541704","train",13,0.21673370897769928,0.0075620722176095445,"","","","","","",""
5614,"2023-09-16 15:31:50.227779","train",13,"","",0.5673777543674831,0.8704076578503323,0.9005077515709686,0.7803182930706255,0.79658021932332,2.827815602099683,0.8315576113507614
5614,"2023-09-16 15:32:03.880101","val",13,"","",0.1540120793787748,0.6782337051955208,0.6897063147760304,0.6477636498094899,0.6738865904112923,5.017765879776102,1.3409588707714772
5620,"2023-09-16 15:32:07.735614","train",14,0.24768875539302826,0.0075788326591585044,"","","","","","",""
5640,"2023-09-16 15:32:14.723163","train",14,0.2518187463283539,0.007595284704542691,"","","","","","",""
5660,"2023-09-16 15:32:21.708337","train",14,0.2500155568122864,0.007611426869703593,"","","","","","",""
5680,"2023-09-16 15:32:28.695296","train",14,0.16535305976867676,0.007627257698535483,"","","","","","",""
5700,"2023-09-16 15:32:35.680926","train",14,0.2552378475666046,0.007642775763016754,"","","","","","",""
5720,"2023-09-16 15:32:42.669192","train",14,0.18648849427700043,0.007657979663338747,"","","","","","",""
5740,"2023-09-16 15:32:49.658600","train",14,0.1943046599626541,0.007672868028032009,"","","","","","",""
5760,"2023-09-16 15:32:56.645578","train",14,0.17637915909290314,0.007687439514090018,"","","","","","",""
5780,"2023-09-16 15:33:03.631273","train",14,0.1863718330860138,0.007701692807090313,"","","","","","",""
5800,"2023-09-16 15:33:10.618222","train",14,0.12831562757492065,0.007715626621313084,"","","","","","",""
5820,"2023-09-16 15:33:17.605016","train",14,0.24314115941524506,0.007729239699857131,"","","","","","",""
5840,"2023-09-16 15:33:24.592787","train",14,0.19487398862838745,0.00774253081475325,"","","","","","",""
5860,"2023-09-16 15:33:31.579036","train",14,0.20215824246406555,0.0077554987670750055,"","","","","","",""
5880,"2023-09-16 15:33:38.565835","train",14,0.18626512587070465,0.007768142387046874,"","","","","","",""
5900,"2023-09-16 15:33:45.552857","train",14,0.2532586455345154,0.007780460534149767,"","","","","","",""
5920,"2023-09-16 15:33:52.540707","train",14,0.21660858392715454,0.007792452097223912,"","","","","","",""
5940,"2023-09-16 15:33:59.527904","train",14,0.19212661683559418,0.007804115994569079,"","","","","","",""
5960,"2023-09-16 15:34:06.515070","train",14,0.21622975170612335,0.007815451174042169,"","","","","","",""
5980,"2023-09-16 15:34:13.501929","train",14,0.20693185925483704,0.007826456613152104,"","","","","","",""
6000,"2023-09-16 15:34:20.491541","train",14,0.22487570345401764,0.007837131319152075,"","","","","","",""
6015,"2023-09-16 15:35:21.756749","train",14,"","",0.689755069791941,0.9086700305918118,0.9333311451435511,0.8320481466042142,0.8358713164596435,1.99189231328933,0.6259549919442856
6015,"2023-09-16 15:35:35.233766","val",14,"","",0.21742881794650562,0.7391436619392638,0.7477162150365098,0.6964669165178361,0.7030907763446094,4.122900949136043,1.1581893404721344
6020,"2023-09-16 16:32:50.081832","train",15,0.1825983077287674,0.007847474329129092,"","","","","","",""
6040,"2023-09-16 16:32:57.039218","train",15,0.2687395215034485,0.007857484710090833,"","","","","","",""
6060,"2023-09-16 16:33:03.993085","train",15,0.19896604120731354,0.007867161559049816,"","","","","","",""
6080,"2023-09-16 16:33:10.947860","train",15,0.13329602777957916,0.00787650400310485,"","","","","","",""
6100,"2023-09-16 16:33:17.909961","train",15,0.17857755720615387,0.00788551119951977,"","","","","","",""
6120,"2023-09-16 16:33:24.873160","train",15,0.1863335520029068,0.007894182335799464,"","","","","","",""
6140,"2023-09-16 16:33:31.835809","train",15,0.2088400423526764,0.007902516629763158,"","","","","","",""
6160,"2023-09-16 16:33:38.798067","train",15,0.15121766924858093,0.007910513329614975,"","","","","","",""
6180,"2023-09-16 16:33:45.761492","train",15,0.23295843601226807,0.007918171714011756,"","","","","","",""
6200,"2023-09-16 16:33:52.725410","train",15,0.16470086574554443,0.007925491092128112,"","","","","","",""
6220,"2023-09-16 16:33:59.689687","train",15,0.17436358332633972,0.007932470803718766,"","","","","","",""
6240,"2023-09-16 16:34:06.653770","train",15,0.21291804313659668,0.007939110219178086,"","","","","","",""
6260,"2023-09-16 16:34:13.617956","train",15,0.16138379275798798,0.007945408739596892,"","","","","","",""
6280,"2023-09-16 16:34:20.589079","train",15,0.15992842614650726,0.00795136579681648,"","","","","","",""
6300,"2023-09-16 16:34:27.564636","train",15,0.17356188595294952,0.007956980853479864,"","","","","","",""
6320,"2023-09-16 16:34:34.540094","train",15,0.18133392930030823,0.007962253403080263,"","","","","","",""
6340,"2023-09-16 16:34:41.514957","train",15,0.25754019618034363,0.007967182970006774,"","","","","","",""
6360,"2023-09-16 16:34:48.489322","train",15,0.14429925382137299,0.007971769109587289,"","","","","","",""
6380,"2023-09-16 16:34:55.464675","train",15,0.24329571425914764,0.007976011408128597,"","","","","","",""
6400,"2023-09-16 16:35:02.439585","train",15,0.18303579092025757,0.007979909482953705,"","","","","","",""
6416,"2023-09-16 16:36:04.025106","train",15,"","",0.6695636906329558,0.9048025846754741,0.9274764902266487,0.8206735772764857,0.8255288186684684,2.282885504911387,0.6875422275349514
6416,"2023-09-16 16:36:17.548497","val",15,"","",0.29767040552200175,0.7635441371366445,0.7936970307781257,0.6923456267463379,0.6987101484546119,4.472134339255294,1.202238987588221
6420,"2023-09-16 16:36:20.736039","train",16,0.22216667234897614,0.007983462982436358,"","","","","","",""
6440,"2023-09-16 16:36:27.714060","train",16,0.13976281881332397,0.007986671586032756,"","","","","","",""
6460,"2023-09-16 16:36:34.688833","train",16,0.18025408685207367,0.00798953500431047,"","","","","","",""
6480,"2023-09-16 16:36:41.663980","train",16,0.273797869682312,0.007992052978974547,"","","","","","",""
6500,"2023-09-16 16:36:48.639671","train",16,0.24929054081439972,0.007994225282890816,"","","","","","",""
6520,"2023-09-16 16:36:55.615479","train",16,0.18377701938152313,0.007996051720106367,"","","","","","",""
6540,"2023-09-16 16:37:02.590086","train",16,0.19420410692691803,0.00799753212586724,"","","","","","",""
6560,"2023-09-16 16:37:09.565736","train",16,0.16013166308403015,0.007998666366633274,"","","","","","",""
6580,"2023-09-16 16:37:16.541170","train",16,0.22373896837234497,0.007999454340090159,"","","","","","",""
6600,"2023-09-16 16:37:23.517542","train",16,0.21079277992248535,0.007999895975158666,"","","","","","",""
6620,"2023-09-16 16:37:30.494771","train",16,0.2456144392490387,0.007999998322962412,"","","","","","",""
6640,"2023-09-16 16:37:37.470878","train",16,0.1517396718263626,0.007999950289392703,"","","","","","",""
6660,"2023-09-16 16:37:44.446754","train",16,0.16447128355503082,0.007999836003396361,"","","","","","",""
6680,"2023-09-16 16:37:51.423337","train",16,0.2528570592403412,0.007999655466866349,"","","","","","",""
6700,"2023-09-16 16:37:58.399224","train",16,0.1517782360315323,0.00799940868279296,"","","","","","",""
6720,"2023-09-16 16:38:05.376248","train",16,0.18886274099349976,0.007999095655263775,"","","","","","",""
6740,"2023-09-16 16:38:12.352564","train",16,0.14499938488006592,0.007998716389463584,"","","","","","",""
6760,"2023-09-16 16:38:19.328277","train",16,0.1331373006105423,0.007998270891674313,"","","","","","",""
6780,"2023-09-16 16:38:26.305188","train",16,0.1589454710483551,0.007997759169274908,"","","","","","",""
6800,"2023-09-16 16:38:33.281908","train",16,0.19043640792369843,0.007997181230741222,"","","","","","",""
6817,"2023-09-16 16:39:34.998006","train",16,"","",0.6582389605829163,0.8966289678911736,0.9276309073539598,0.8114034021365533,0.8139389844602671,2.2761810716698716,0.7014188451743673
6817,"2023-09-16 16:39:48.475005","val",16,"","",0.24978429680759276,0.7114715076677601,0.747971555879472,0.6468752425407476,0.6483329277196398,4.914091019712825,1.3604283280603553
6820,"2023-09-16 16:39:51.287247","train",17,0.2517043352127075,0.00799653708564587,"","","","","","",""
6840,"2023-09-16 16:39:58.266112","train",17,0.14605459570884705,0.007995826744658074,"","","","","","",""
6860,"2023-09-16 16:40:05.242892","train",17,0.20405299961566925,0.007995050219543477,"","","","","","",""
6880,"2023-09-16 16:40:12.220353","train",17,0.2234514206647873,0.007994207523163958,"","","","","","",""
6900,"2023-09-16 16:40:19.198137","train",17,0.18079900741577148,0.007993298669477419,"","","","","","",""
6920,"2023-09-16 16:40:26.176665","train",17,0.22115382552146912,0.007992323673537548,"","","","","","",""
6940,"2023-09-16 16:40:33.154229","train",17,0.1861427128314972,0.00799128255149357,"","","","","","",""
6960,"2023-09-16 16:40:40.132567","train",17,0.24938200414180756,0.007990175320589984,"","","","","","",""
6980,"2023-09-16 16:40:47.110437","train",17,0.1369248777627945,0.007989001999166277,"","","","","","",""
7000,"2023-09-16 16:40:54.088300","train",17,0.20083193480968475,0.007987762606656613,"","","","","","",""
7020,"2023-09-16 16:41:01.065326","train",17,0.23416292667388916,0.007986457163589521,"","","","","","",""
7040,"2023-09-16 16:41:08.043608","train",17,0.2592192590236664,0.00798508569158755,"","","","","","",""
7060,"2023-09-16 16:41:15.022206","train",17,0.2932445704936981,0.00798364821336691,"","","","","","",""
7080,"2023-09-16 16:41:22.001245","train",17,0.16810393333435059,0.007982144752737097,"","","","","","",""
7100,"2023-09-16 16:41:28.978659","train",17,0.18330161273479462,0.007980575334600497,"","","","","","",""
7120,"2023-09-16 16:41:35.957048","train",17,0.24456921219825745,0.00797893998495198,"","","","","","",""
7140,"2023-09-16 16:41:42.937225","train",17,0.170470729470253,0.007977238730878458,"","","","","","",""
7160,"2023-09-16 16:41:49.915291","train",17,0.16102251410484314,0.00797547160055845,"","","","","","",""
7180,"2023-09-16 16:41:56.892913","train",17,0.284134179353714,0.007973638623261604,"","","","","","",""
7200,"2023-09-16 16:42:03.871667","train",17,0.20078960061073303,0.007971739829348215,"","","","","","",""
7218,"2023-09-16 16:43:05.960131","train",17,"","",0.6721973487841278,0.9005983436470836,0.9304512950371199,0.8118866898397118,0.8193441089340471,2.292604334494049,0.6977807806247076
7218,"2023-09-16 16:43:19.553040","val",17,"","",0.25884383088869717,0.7023669300389394,0.7254833942777151,0.6592788864082089,0.6704794353857386,4.887077147724507,1.3368216110975906
7220,"2023-09-16 16:43:22.052642","train",18,0.2934773862361908,0.00796977525026873,"","","","","","",""
7240,"2023-09-16 16:43:29.033266","train",18,0.21963483095169067,0.00796774491856321,"","","","","","",""
7260,"2023-09-16 16:43:36.012410","train",18,0.18983560800552368,0.007965648867860817,"","","","","","",""
7280,"2023-09-16 16:43:42.990786","train",18,0.21893534064292908,0.007963487132879223,"","","","","","",""
7300,"2023-09-16 16:43:49.971103","train",18,0.18701791763305664,0.00796125974942407,"","","","","","",""
7320,"2023-09-16 16:43:56.951729","train",18,0.1597755253314972,0.007958966754388352,"","","","","","",""
7340,"2023-09-16 16:44:03.930073","train",18,0.15593333542346954,0.007956608185751812,"","","","","","",""
7360,"2023-09-16 16:44:10.908834","train",18,0.20441880822181702,0.007954184082580319,"","","","","","",""
7380,"2023-09-16 16:44:17.888405","train",18,0.2432098537683487,0.007951694485025211,"","","","","","",""
7400,"2023-09-16 16:44:24.867303","train",18,0.24015739560127258,0.007949139434322634,"","","","","","",""
7420,"2023-09-16 16:44:31.846905","train",18,0.1689826399087906,0.007946518972792862,"","","","","","",""
7440,"2023-09-16 16:44:38.825808","train",18,0.15363551676273346,0.00794383314383959,"","","","","","",""
7460,"2023-09-16 16:44:45.805258","train",18,0.19653534889221191,0.007941081991949223,"","","","","","",""
7480,"2023-09-16 16:44:52.783980","train",18,0.1594650000333786,0.007938265562690127,"","","","","","",""
7500,"2023-09-16 16:44:59.763543","train",18,0.23157477378845215,0.007935383902711892,"","","","","","",""
7520,"2023-09-16 16:45:06.742334","train",18,0.23203401267528534,0.007932437059744541,"","","","","","",""
7540,"2023-09-16 16:45:13.722120","train",18,0.23424102365970612,0.007929425082597752,"","","","","","",""
7560,"2023-09-16 16:45:20.702583","train",18,0.16981302201747894,0.00792634802116004,"","","","","","",""
7580,"2023-09-16 16:45:27.682391","train",18,0.19603069126605988,0.007923205926397942,"","","","","","",""
7600,"2023-09-16 16:45:34.663436","train",18,0.23762471973896027,0.00791999885035516,"","","","","","",""
7619,"2023-09-16 16:46:37.333391","train",18,"","",0.6451584584320955,0.8897947480047697,0.9219254330539707,0.8120216460922778,0.8189803024790812,2.264955043916636,0.7053687438282834
7619,"2023-09-16 16:46:50.827783","val",18,"","",0.26229508196721313,0.7265036475638664,0.7599665216799153,0.6639402120253818,0.67583353614018,4.585057191530786,1.282063762472621
7620,"2023-09-16 16:46:52.991204","train",19,0.15840008854866028,0.007916726846151715,"","","","","","",""
7640,"2023-09-16 16:46:59.973573","train",19,0.1357422173023224,0.007913389967983048,"","","","","","",""
7660,"2023-09-16 16:47:06.954950","train",19,0.21426987648010254,0.007909988271119136,"","","","","","",""
7680,"2023-09-16 16:47:13.936971","train",19,0.24934814870357513,0.007906521811903574,"","","","","","",""
7700,"2023-09-16 16:47:20.919423","train",19,0.18643818795681,0.007902990647752637,"","","","","","",""
7720,"2023-09-16 16:47:27.901402","train",19,0.1792009472846985,0.007899394837154334,"","","","","","",""
7740,"2023-09-16 16:47:34.882385","train",19,0.15995897352695465,0.007895734439667443,"","","","","","",""
7760,"2023-09-16 16:47:41.864022","train",19,0.1929808109998703,0.007892009515920508,"","","","","","",""
7780,"2023-09-16 16:47:48.845405","train",19,0.21780753135681152,0.007888220127610854,"","","","","","",""
7800,"2023-09-16 16:47:55.827800","train",19,0.14437523484230042,0.007884366337503555,"","","","","","",""
7820,"2023-09-16 16:48:02.809570","train",19,0.2424008548259735,0.007880448209430395,"","","","","","",""
7840,"2023-09-16 16:48:09.791958","train",19,0.13470812141895294,0.007876465808288817,"","","","","","",""
7860,"2023-09-16 16:48:16.773831","train",19,0.19094496965408325,0.007872419200040835,"","","","","","",""
7880,"2023-09-16 16:48:23.757625","train",19,0.23126640915870667,0.007868308451711955,"","","","","","",""
7900,"2023-09-16 16:48:30.740313","train",19,0.15342576801776886,0.007864133631390062,"","","","","","",""
7920,"2023-09-16 16:48:37.722706","train",19,0.21840031445026398,0.007859894808224282,"","","","","","",""
7940,"2023-09-16 16:48:44.705044","train",19,0.19466762244701385,0.007855592052423852,"","","","","","",""
7960,"2023-09-16 16:48:51.688230","train",19,0.18412692844867706,0.007851225435256943,"","","","","","",""
7980,"2023-09-16 16:48:58.671290","train",19,0.24873076379299164,0.00784679502904949,"","","","","","",""
8000,"2023-09-16 16:49:05.655042","train",19,0.1657610833644867,0.007842300907183991,"","","","","","",""
8020,"2023-09-16 16:49:12.590610","train",19,0.26516392827033997,0.007837743144098287,"","","","","","",""
8020,"2023-09-16 16:50:08.560512","train",19,"","",0.6757088929856905,0.901405814289646,0.9265534471723881,0.8082048392306803,0.8186164960241151,2.311626214853698,0.6883218127955928
8020,"2023-09-16 16:50:22.057898","val",19,"","",0.28904227782571185,0.7377642936184113,0.7659223847193183,0.6509886813698842,0.676320272572402,4.679727427597956,1.2793867120954003
8040,"2023-09-16 17:44:48.202981","train",20,0.2268165647983551,0.007833121815284332,"","","","","","",""
8060,"2023-09-16 17:44:55.170964","train",20,0.20949053764343262,0.007828436997286949,"","","","","","",""
8080,"2023-09-16 17:45:02.130123","train",20,0.28161418437957764,0.007823688767702551,"","","","","","",""
8100,"2023-09-16 17:45:09.090356","train",20,0.22119200229644775,0.007818877205177864,"","","","","","",""
8120,"2023-09-16 17:45:16.051366","train",20,0.241122767329216,0.00781400238940862,"","","","","","",""
8140,"2023-09-16 17:45:23.011275","train",20,0.23440459370613098,0.00780906440113824,"","","","","","",""
8160,"2023-09-16 17:45:29.972755","train",20,0.27656370401382446,0.007804063322156493,"","","","","","",""
8180,"2023-09-16 17:45:36.933886","train",20,0.2346021831035614,0.007798999235298144,"","","","","","",""
8200,"2023-09-16 17:45:43.894916","train",20,0.25634220242500305,0.007793872224441583,"","","","","","",""
8220,"2023-09-16 17:45:50.860967","train",20,0.17463335394859314,0.007788682374507431,"","","","","","",""
8240,"2023-09-16 17:45:57.830682","train",20,0.18221282958984375,0.007783429771457139,"","","","","","",""
8260,"2023-09-16 17:46:04.799780","train",20,0.17122319340705872,0.0077781145022915625,"","","","","","",""
8280,"2023-09-16 17:46:11.769342","train",20,0.17338424921035767,0.007772736655049514,"","","","","","",""
8300,"2023-09-16 17:46:18.739580","train",20,0.1572185903787613,0.007767296318806318,"","","","","","",""
8320,"2023-09-16 17:46:25.709932","train",20,0.20165276527404785,0.007761793583672322,"","","","","","",""
8340,"2023-09-16 17:46:32.679581","train",20,0.2037666141986847,0.007756228540791414,"","","","","","",""
8360,"2023-09-16 17:46:39.652003","train",20,0.228861004114151,0.007750601282339505,"","","","","","",""
8380,"2023-09-16 17:46:46.622516","train",20,0.18617939949035645,0.007744911901523009,"","","","","","",""
8400,"2023-09-16 17:46:53.594155","train",20,0.13630302250385284,0.007739160492577296,"","","","","","",""
8420,"2023-09-16 17:47:00.565081","train",20,0.2146483063697815,0.007733347150765129,"","","","","","",""
8421,"2023-09-16 17:47:56.415093","train",20,"","",0.6168027390044772,0.8920352921375392,0.9221889756447599,0.763055880519656,0.7632139701678707,3.2617847305233614,0.9319681929213658
8421,"2023-09-16 17:48:09.620191","val",20,"","",0.32182916307161347,0.7904668101315729,0.8054475744177948,0.6975098585881283,0.6979800438062789,4.55098564127525,1.2134339255293258
8440,"2023-09-16 17:48:17.853764","train",21,0.24141675233840942,0.007727471972375093,"","","","","","",""
8460,"2023-09-16 17:48:24.831208","train",21,0.21960517764091492,0.0077215350547199905,"","","","","","",""
8480,"2023-09-16 17:48:31.805824","train",21,0.1924516260623932,0.007715536496135238,"","","","","","",""
8500,"2023-09-16 17:48:38.782718","train",21,0.23609496653079987,0.007709476395977234,"","","","","","",""
8520,"2023-09-16 17:48:45.759298","train",21,0.199896439909935,0.007703354854621713,"","","","","","",""
8540,"2023-09-16 17:48:52.736063","train",21,0.25179678201675415,0.00769717197346208,"","","","","","",""
8560,"2023-09-16 17:48:59.710859","train",21,0.25322309136390686,0.007690927854907741,"","","","","","",""
8580,"2023-09-16 17:49:06.685999","train",21,0.24435962736606598,0.007684622602382394,"","","","","","",""
8600,"2023-09-16 17:49:13.663010","train",21,0.19955387711524963,0.007678256320322327,"","","","","","",""
8620,"2023-09-16 17:49:20.639918","train",21,0.19468611478805542,0.007671829114174681,"","","","","","",""
8640,"2023-09-16 17:49:27.615553","train",21,0.16474910080432892,0.007665341090395704,"","","","","","",""
8660,"2023-09-16 17:49:34.591447","train",21,0.2909839451313019,0.007658792356448991,"","","","","","",""
8680,"2023-09-16 17:49:41.567022","train",21,0.16491863131523132,0.007652183020803705,"","","","","","",""
8700,"2023-09-16 17:49:48.542695","train",21,0.17998088896274567,0.007645513192932774,"","","","","","",""
8720,"2023-09-16 17:49:55.519142","train",21,0.12390255182981491,0.007638782983311083,"","","","","","",""
8740,"2023-09-16 17:50:02.494458","train",21,0.22063055634498596,0.007631992503413645,"","","","","","",""
8760,"2023-09-16 17:50:09.469372","train",21,0.15051938593387604,0.007625141865713748,"","","","","","",""
8780,"2023-09-16 17:50:16.446205","train",21,0.1661330610513687,0.0076182311836811,"","","","","","",""
8800,"2023-09-16 17:50:23.423110","train",21,0.2430902123451233,0.007611260571779946,"","","","","","",""
8820,"2023-09-16 17:50:30.398961","train",21,0.12048117816448212,0.0076042301454671704,"","","","","","",""
8822,"2023-09-16 17:51:26.398403","train",21,"","",0.7085418312703011,0.9210390368527568,0.9406843084290103,0.8247522853979014,0.8380541551894393,2.178836858791123,0.6493945221142352
8822,"2023-09-16 17:51:39.613454","val",21,"","",0.21225194132873165,0.7184313379764317,0.7316401028151476,0.6464503446119894,0.6794840593818448,4.807252372840107,1.283767339985398
8840,"2023-09-16 17:51:47.479590","train",22,0.19212929904460907,0.007597140021190386,"","","","","","",""
8860,"2023-09-16 17:51:54.456078","train",22,0.15565888583660126,0.007589990316386007,"","","","","","",""
8880,"2023-09-16 17:52:01.430742","train",22,0.21955056488513947,0.007582781149477303,"","","","","","",""
8900,"2023-09-16 17:52:08.406570","train",22,0.15590304136276245,0.007575512639872436,"","","","","","",""
8920,"2023-09-16 17:52:15.383151","train",22,0.21721869707107544,0.0075681849079624825,"","","","","","",""
8940,"2023-09-16 17:52:22.358080","train",22,0.16495658457279205,0.007560798075119442,"","","","","","",""
8960,"2023-09-16 17:52:29.333121","train",22,0.10429247468709946,0.007553352263694225,"","","","","","",""
8980,"2023-09-16 17:52:36.307935","train",22,0.22449927031993866,0.007545847597014626,"","","","","","",""
9000,"2023-09-16 17:52:43.284385","train",22,0.20203755795955658,0.007538284199383281,"","","","","","",""
9020,"2023-09-16 17:52:50.261523","train",22,0.2125600278377533,0.007530662196075611,"","","","","","",""
9040,"2023-09-16 17:52:57.237365","train",22,0.1357477456331253,0.007522981713337744,"","","","","","",""
9060,"2023-09-16 17:53:04.212308","train",22,0.22283510863780975,0.007515242878384422,"","","","","","",""
9080,"2023-09-16 17:53:11.188626","train",22,0.15518173575401306,0.0075074458193969025,"","","","","","",""
9100,"2023-09-16 17:53:18.164527","train",22,0.1700545847415924,0.007499590665520825,"","","","","","",""
9120,"2023-09-16 17:53:25.140304","train",22,0.2476378232240677,0.007491677546864078,"","","","","","",""
9140,"2023-09-16 17:53:32.116454","train",22,0.1814092993736267,0.007483706594494644,"","","","","","",""
9160,"2023-09-16 17:53:39.092920","train",22,0.24911628663539886,0.007475677940438426,"","","","","","",""
9180,"2023-09-16 17:53:46.079359","train",22,0.14639508724212646,0.007467591717677061,"","","","","","",""
9200,"2023-09-16 17:53:53.065750","train",22,0.1784237027168274,0.0074594480601457205,"","","","","","",""
9220,"2023-09-16 17:54:00.051209","train",22,0.23443792760372162,0.007451247102730887,"","","","","","",""
9223,"2023-09-16 17:54:56.429869","train",22,"","",0.765692213150733,0.9315797419685873,0.9509325453929887,0.8358752353286361,0.8461618419001091,1.9829530689673094,0.5949794709214697
9223,"2023-09-16 17:55:09.590319","val",22,"","",0.2100949094046592,0.706368338673523,0.7309617681638936,0.6400534831570116,0.6629350206862984,5.0598685811633,1.3558043319542468
9240,"2023-09-16 17:55:17.109342","train",23,0.17698980867862701,0.007442988981268128,"","","","","","",""
9260,"2023-09-16 17:55:24.085009","train",23,0.2529906630516052,0.007434673832539833,"","","","","","",""
9280,"2023-09-16 17:55:31.059757","train",23,0.2005235105752945,0.007426301794272962,"","","","","","",""
9300,"2023-09-16 17:55:38.034232","train",23,0.1767401099205017,0.007417873005136754,"","","","","","",""
9320,"2023-09-16 17:55:45.009248","train",23,0.18688149750232697,0.007409387604740438,"","","","","","",""
9340,"2023-09-16 17:55:51.986985","train",23,0.18944576382637024,0.007400845733630914,"","","","","","",""
9360,"2023-09-16 17:55:58.971103","train",23,0.23493169248104095,0.0073922475332904285,"","","","","","",""
9380,"2023-09-16 17:56:05.954936","train",23,0.14689981937408447,0.00738359314613423,"","","","","","",""
9400,"2023-09-16 17:56:12.939565","train",23,0.18672095239162445,0.00737488271550821,"","","","","","",""
9420,"2023-09-16 17:56:19.923736","train",23,0.17409351468086243,0.007366116385686531,"","","","","","",""
9440,"2023-09-16 17:56:26.908052","train",23,0.20245736837387085,0.007357294301869235,"","","","","","",""
9460,"2023-09-16 17:56:33.892599","train",23,0.10251845419406891,0.007348416610179836,"","","","","","",""
9480,"2023-09-16 17:56:40.876374","train",23,0.2217140942811966,0.007339483457662907,"","","","","","",""
9500,"2023-09-16 17:56:47.859793","train",23,0.10750165581703186,0.007330494992281632,"","","","","","",""
9520,"2023-09-16 17:56:54.844427","train",23,0.17131567001342773,0.00732145136291537,"","","","","","",""
9540,"2023-09-16 17:57:01.827240","train",23,0.11022695153951645,0.00731235271935718,"","","","","","",""
9560,"2023-09-16 17:57:08.811032","train",23,0.14899942278862,0.007303199212311343,"","","","","","",""
9580,"2023-09-16 17:57:15.794322","train",23,0.11913211643695831,0.0072939909933908585,"","","","","","",""
9600,"2023-09-16 17:57:22.778459","train",23,0.15675286948680878,0.0072847282151149466,"","","","","","",""
9620,"2023-09-16 17:57:29.760940","train",23,0.20307888090610504,0.007275411030906513,"","","","","","",""
9624,"2023-09-16 17:58:26.497546","train",23,"","",0.7327714862610833,0.9285632472166151,0.9468778620864875,0.8338437530883613,0.8451223948859207,2.021984304350086,0.6111428719921002
9624,"2023-09-16 17:58:39.666721","val",23,"","",0.31233822260569455,0.7343913267805814,0.7665461319074585,0.6378869228401454,0.6780238500851788,4.874908736918958,1.2964224872231687
9640,"2023-09-16 17:58:46.856345","train",24,0.18745051324367523,0.007266039595089608,"","","","","","",""
9660,"2023-09-16 17:58:53.833447","train",24,0.18165138363838196,0.0072566140628868726,"","","","","","",""
9680,"2023-09-16 17:59:00.808916","train",24,0.22431181371212006,0.007247134590416966,"","","","","","",""
9700,"2023-09-16 17:59:07.784891","train",24,0.21753910183906555,0.007237601334691983,"","","","","","",""
9720,"2023-09-16 17:59:14.766361","train",24,0.1914980709552765,0.007228014453614846,"","","","","","",""
9740,"2023-09-16 17:59:21.753013","train",24,0.18985113501548767,0.007218374105976699,"","","","","","",""
9760,"2023-09-16 17:59:28.737136","train",24,0.26762840151786804,0.007208680451454273,"","","","","","",""
9780,"2023-09-16 17:59:35.720883","train",24,0.15483014285564423,0.007198933650607237,"","","","","","",""
9800,"2023-09-16 17:59:42.705069","train",24,0.22789612412452698,0.007189133864875544,"","","","","","",""
9820,"2023-09-16 17:59:49.688850","train",24,0.22828274965286255,0.00717928125657676,"","","","","","",""
9840,"2023-09-16 17:59:56.673727","train",24,0.16792425513267517,0.007169375988903365,"","","","","","",""
9860,"2023-09-16 18:00:03.658033","train",24,0.21397992968559265,0.007159418225920062,"","","","","","",""
9880,"2023-09-16 18:00:10.643029","train",24,0.22034594416618347,0.007149408132561049,"","","","","","",""
9900,"2023-09-16 18:00:17.626860","train",24,0.18567036092281342,0.007139345874627295,"","","","","","",""
9920,"2023-09-16 18:00:24.611095","train",24,0.13428255915641785,0.007129231618783789,"","","","","","",""
9940,"2023-09-16 18:00:31.595520","train",24,0.11916832625865936,0.007119065532556778,"","","","","","",""
9960,"2023-09-16 18:00:38.580441","train",24,0.2339872568845749,0.0071088477843310035,"","","","","","",""
9980,"2023-09-16 18:00:45.564937","train",24,0.13872607052326202,0.007098578543346897,"","","","","","",""
10000,"2023-09-16 18:00:52.550390","train",24,0.2330377995967865,0.007088257979697787,"","","","","","",""
10020,"2023-09-16 18:00:59.534356","train",24,0.14450109004974365,0.007077886264327078,"","","","","","",""
10025,"2023-09-16 18:01:56.690881","train",24,"","",0.7461153542270214,0.9294175701344074,0.9496618111495547,0.8486250930135102,0.8521906345824022,1.688477729847721,0.5344836546957019
10025,"2023-09-16 18:02:09.945189","val",24,"","",0.3157894736842105,0.7599092191857543,0.774259385731281,0.7087795846771584,0.7142857142857143,4.151861766853249,1.1749817473837916
10040,"2023-09-16 18:55:03.958883","train",25,0.1854453831911087,0.00706746356902542,"","","","","","",""
10060,"2023-09-16 18:55:10.928745","train",25,0.16051515936851501,0.007056990066427863,"","","","","","",""
10080,"2023-09-16 18:55:17.881616","train",25,0.13091528415679932,0.007046465930010997,"","","","","","",""
10100,"2023-09-16 18:55:24.834911","train",25,0.17374682426452637,0.007035891334090081,"","","","","","",""
10120,"2023-09-16 18:55:31.790854","train",25,0.22573721408843994,0.00702526645381615,"","","","","","",""
10140,"2023-09-16 18:55:38.753646","train",25,0.20537333190441132,0.007014591465173124,"","","","","","",""
10160,"2023-09-16 18:55:45.716171","train",25,0.17781834304332733,0.007003866544974878,"","","","","","",""
10180,"2023-09-16 18:55:52.678849","train",25,0.16427616775035858,0.006993091870862331,"","","","","","",""
10200,"2023-09-16 18:55:59.641438","train",25,0.19699299335479736,0.00698226762130049,"","","","","","",""
10220,"2023-09-16 18:56:06.604392","train",25,0.21741117537021637,0.006971393975575502,"","","","","","",""
10240,"2023-09-16 18:56:13.568417","train",25,0.2043951153755188,0.006960471113791677,"","","","","","",""
10260,"2023-09-16 18:56:20.532485","train",25,0.14182782173156738,0.006949499216868512,"","","","","","",""
10280,"2023-09-16 18:56:27.495186","train",25,0.2053796499967575,0.006938478466537694,"","","","","","",""
10300,"2023-09-16 18:56:34.459136","train",25,0.24320679903030396,0.006927409045340084,"","","","","","",""
10320,"2023-09-16 18:56:41.423049","train",25,0.1398322880268097,0.0069162911366226956,"","","","","","",""
10340,"2023-09-16 18:56:48.386242","train",25,0.20346765220165253,0.006905124924535664,"","","","","","",""
10360,"2023-09-16 18:56:55.351836","train",25,0.18449892103672028,0.006893910594029189,"","","","","","",""
10380,"2023-09-16 18:57:02.325425","train",25,0.23288165032863617,0.0068826483308504745,"","","","","","",""
10400,"2023-09-16 18:57:09.299243","train",25,0.15779708325862885,0.00687133832154065,"","","","","","",""
10420,"2023-09-16 18:57:16.274003","train",25,0.15464729070663452,0.006859980753431683,"","","","","","",""
10426,"2023-09-16 18:58:13.913529","train",25,"","",0.7152137652532701,0.9200706614395934,0.940607189761096,0.8295050907744147,0.8396133257107219,2.0649654383867784,0.6251234343329348
10426,"2023-09-16 18:58:27.348642","val",25,"","",0.18421052631578946,0.6945218856240752,0.7006374397954162,0.6532293704911802,0.6751034314918472,4.678023850085179,1.262107568751521
10440,"2023-09-16 18:58:33.973692","train",26,0.26302358508110046,0.006848575814643279,"","","","","","",""
10460,"2023-09-16 18:58:40.949920","train",26,0.2806008756160736,0.006837123694079756,"","","","","","",""
10480,"2023-09-16 18:58:47.924616","train",26,0.177082821726799,0.006825624581426926,"","","","","","",""
10500,"2023-09-16 18:58:54.899555","train",26,0.17800071835517883,0.006814078667148946,"","","","","","",""
10520,"2023-09-16 18:59:01.873970","train",26,0.17671357095241547,0.006802486142485167,"","","","","","",""
10540,"2023-09-16 18:59:08.848228","train",26,0.18305698037147522,0.006790847199446968,"","","","","","",""
10560,"2023-09-16 18:59:15.822803","train",26,0.19313479959964752,0.006779162030814567,"","","","","","",""
10580,"2023-09-16 18:59:22.796675","train",26,0.19997425377368927,0.0067674308301338415,"","","","","","",""
10600,"2023-09-16 18:59:29.772053","train",26,0.11383197456598282,0.006755653791713111,"","","","","","",""
10620,"2023-09-16 18:59:36.748159","train",26,0.17280255258083344,0.006743831110619922,"","","","","","",""
10640,"2023-09-16 18:59:43.722822","train",26,0.1351180523633957,0.00673196298267782,"","","","","","",""
10660,"2023-09-16 18:59:50.697252","train",26,0.15602262318134308,0.006720049604463104,"","","","","","",""
10680,"2023-09-16 18:59:57.673270","train",26,0.18223153054714203,0.006708091173301569,"","","","","","",""
10700,"2023-09-16 19:00:04.649549","train",26,0.1660374402999878,0.00669608788726524,"","","","","","",""
10720,"2023-09-16 19:00:11.625504","train",26,0.15374641120433807,0.006684039945169089,"","","","","","",""
10740,"2023-09-16 19:00:18.601889","train",26,0.17048873007297516,0.006671947546567745,"","","","","","",""
10760,"2023-09-16 19:00:25.578635","train",26,0.24042528867721558,0.006659810891752186,"","","","","","",""
10780,"2023-09-16 19:00:32.554636","train",26,0.1909155696630478,0.0066476301817464225,"","","","","","",""
10800,"2023-09-16 19:00:39.532456","train",26,0.1922239363193512,0.006635405618304168,"","","","","","",""
10820,"2023-09-16 19:00:46.508369","train",26,0.1279870718717575,0.006623137403905497,"","","","","","",""
10827,"2023-09-16 19:01:44.492372","train",26,"","",0.7650776929154596,0.9378221715993108,0.952622504120268,0.8395560247130762,0.8411205238812951,1.6141052959825373,0.5161374148952758
10827,"2023-09-16 19:01:58.018815","val",26,"","",0.24158757549611734,0.7209207768301762,0.7495172724653233,0.6497081659258468,0.6502798734485277,4.8398637137989775,1.3679727427597956
10840,"2023-09-16 19:02:04.318441","train",27,0.16443905234336853,0.006610825741753489,"","","","","","",""
10860,"2023-09-16 19:02:11.296127","train",27,0.18668204545974731,0.006598470835770871,"","","","","","",""
10880,"2023-09-16 19:02:18.271529","train",27,0.13943710923194885,0.006586072890596629,"","","","","","",""
10900,"2023-09-16 19:02:25.246774","train",27,0.13276070356369019,0.006573632111582624,"","","","","","",""
10920,"2023-09-16 19:02:32.222785","train",27,0.087473064661026,0.006561148704790189,"","","","","","",""
10940,"2023-09-16 19:02:39.198093","train",27,0.18548882007598877,0.006548622876986722,"","","","","","",""
10960,"2023-09-16 19:02:46.173248","train",27,0.17630590498447418,0.006536054835642253,"","","","","","",""
10980,"2023-09-16 19:02:53.149924","train",27,0.21208739280700684,0.006523444788926009,"","","","","","",""
11000,"2023-09-16 19:03:00.125620","train",27,0.13454647362232208,0.006510792945702973,"","","","","","",""
11020,"2023-09-16 19:03:07.103459","train",27,0.11355368793010712,0.006498099515530412,"","","","","","",""
11040,"2023-09-16 19:03:14.079104","train",27,0.15641318261623383,0.006485364708654421,"","","","","","",""
11060,"2023-09-16 19:03:21.055762","train",27,0.16550672054290771,0.006472588736006428,"","","","","","",""
11080,"2023-09-16 19:03:28.032183","train",27,0.1401607245206833,0.006459771809199708,"","","","","","",""
11100,"2023-09-16 19:03:35.008739","train",27,0.1526258885860443,0.006446914140525874,"","","","","","",""
11120,"2023-09-16 19:03:41.984803","train",27,0.1659606695175171,0.0064340159429513615,"","","","","","",""
11140,"2023-09-16 19:03:48.961774","train",27,0.07210472971200943,0.006421077430113903,"","","","","","",""
11160,"2023-09-16 19:03:55.938878","train",27,0.1711629182100296,0.006408098816318985,"","","","","","",""
11180,"2023-09-16 19:04:02.916730","train",27,0.1592225730419159,0.006395080316536306,"","","","","","",""
11200,"2023-09-16 19:04:09.893526","train",27,0.15312424302101135,0.006382022146396209,"","","","","","",""
11220,"2023-09-16 19:04:16.870848","train",27,0.17170245945453644,0.006368924522186109,"","","","","","",""
11228,"2023-09-16 19:05:15.203567","train",27,"","",0.7820208936879993,0.9426662461759924,0.9566754991898737,0.86201647697729,0.8653396393118861,1.6013200977080193,0.49534847461150666
11228,"2023-09-16 19:05:28.599552","val",27,"","",0.23899913718723037,0.7429832028515717,0.7612899159245996,0.7022341903347193,0.706984667802385,4.381844731078121,1.189827208566561
11240,"2023-09-16 19:05:34.508001","train",28,0.19143615663051605,0.0063557876608469205,"","","","","","",""
11260,"2023-09-16 19:05:41.486032","train",28,0.09809286147356033,0.006342611779969451,"","","","","","",""
11280,"2023-09-16 19:05:48.463243","train",28,0.25273188948631287,0.006329397097790806,"","","","","","",""
11300,"2023-09-16 19:05:55.440231","train",28,0.12427721917629242,0.006316143833190772,"","","","","","",""
11320,"2023-09-16 19:06:02.417975","train",28,0.2024926245212555,0.00630285220568819,"","","","","","",""
11340,"2023-09-16 19:06:09.395976","train",28,0.14318642020225525,0.00628952243543732,"","","","","","",""
11360,"2023-09-16 19:06:16.374328","train",28,0.19630366563796997,0.006276154743224198,"","","","","","",""
11380,"2023-09-16 19:06:23.352064","train",28,0.18396902084350586,0.006262749350462971,"","","","","","",""
11400,"2023-09-16 19:06:30.329573","train",28,0.16364170610904694,0.006249306479192236,"","","","","","",""
11420,"2023-09-16 19:06:37.308915","train",28,0.1541517674922943,0.006235826352071363,"","","","","","",""
11440,"2023-09-16 19:06:44.286461","train",28,0.244351327419281,0.006222309192376803,"","","","","","",""
11460,"2023-09-16 19:06:51.264311","train",28,0.28357404470443726,0.006208755223998393,"","","","","","",""
11480,"2023-09-16 19:06:58.241178","train",28,0.2095118910074234,0.006195164671435641,"","","","","","",""
11500,"2023-09-16 19:07:05.219165","train",28,0.12603621184825897,0.006181537759794019,"","","","","","",""
11520,"2023-09-16 19:07:12.196148","train",28,0.16004665195941925,0.0061678747147812275,"","","","","","",""
11540,"2023-09-16 19:07:19.173458","train",28,0.2026231586933136,0.006154175762703453,"","","","","","",""
11560,"2023-09-16 19:07:26.151699","train",28,0.16069024801254272,0.006140441130461629,"","","","","","",""
11580,"2023-09-16 19:07:33.130165","train",28,0.0785406306385994,0.006126671045547671,"","","","","","",""
11600,"2023-09-16 19:07:40.107815","train",28,0.15379884839057922,0.0061128657360407105,"","","","","","",""
11620,"2023-09-16 19:07:47.085468","train",28,0.1709347516298294,0.006099025430603318,"","","","","","",""
11629,"2023-09-16 19:08:46.130672","train",28,"","",0.6708805197085418,0.8975836773584099,0.9284461224764056,0.8058773310821322,0.8079621641286835,2.3363130814406734,0.7041733797619666
11629,"2023-09-16 19:08:59.556199","val",28,"","",0.3472821397756687,0.7565222816218967,0.7928031156202635,0.6930528375268294,0.6943295205646143,4.504989048430275,1.2589437819420783
11640,"2023-09-16 19:09:05.085064","train",29,0.24692825973033905,0.006085150358477715,"","","","","","",""
11660,"2023-09-16 19:09:12.063415","train",29,0.2345856875181198,0.006071240749481975,"","","","","","",""
11680,"2023-09-16 19:09:19.040044","train",29,0.1987743228673935,0.006057296834006223,"","","","","","",""
11700,"2023-09-16 19:09:26.017736","train",29,0.11629469692707062,0.00604331884300881,"","","","","","",""
11720,"2023-09-16 19:09:32.996115","train",29,0.19478344917297363,0.006029307008012495,"","","","","","",""
11740,"2023-09-16 19:09:39.974326","train",29,0.22646966576576233,0.00601526156110061,"","","","","","",""
11760,"2023-09-16 19:09:46.952522","train",29,0.1609141230583191,0.006001182734913208,"","","","","","",""
11780,"2023-09-16 19:09:53.930375","train",29,0.08518289029598236,0.005987070762643224,"","","","","","",""
11800,"2023-09-16 19:10:00.908747","train",29,0.20627163350582123,0.0059729258780325985,"","","","","","",""
11820,"2023-09-16 19:10:07.887190","train",29,0.11078415811061859,0.005958748315368413,"","","","","","",""
11840,"2023-09-16 19:10:14.865331","train",29,0.23058713972568512,0.005944538309479006,"","","","","","",""
11860,"2023-09-16 19:10:21.842966","train",29,0.15800589323043823,0.005930296095730087,"","","","","","",""
11880,"2023-09-16 19:10:28.820915","train",29,0.16586579382419586,0.0059160219100208395,"","","","","","",""
11900,"2023-09-16 19:10:35.798618","train",29,0.22559626400470734,0.005901715988780006,"","","","","","",""
11920,"2023-09-16 19:10:42.777334","train",29,0.2111998349428177,0.005887378568961978,"","","","","","",""
11940,"2023-09-16 19:10:49.756414","train",29,0.1040465235710144,0.00587300988804287,"","","","","","",""
11960,"2023-09-16 19:10:56.735608","train",29,0.20974014699459076,0.005858610184016589,"","","","","","",""
11980,"2023-09-16 19:11:03.713486","train",29,0.2160380780696869,0.005844179695390884,"","","","","","",""
12000,"2023-09-16 19:11:10.692327","train",29,0.21459592878818512,0.005829718661183405,"","","","","","",""
12020,"2023-09-16 19:11:17.670926","train",29,0.11152941733598709,0.005815227320917739,"","","","","","",""
12030,"2023-09-16 19:12:16.870235","train",29,"","",0.7854446492845228,0.9473935115833236,0.9618918487282687,0.8632419021727917,0.8661711969232369,1.5290785302219219,0.47352008731354917
12030,"2023-09-16 19:12:30.322054","val",29,"","",0.2454702329594478,0.7564319536518758,0.7703521473858672,0.6995391719408298,0.7026040399123874,4.302506692625943,1.1659771233876857
12040,"2023-09-16 20:04:45.562641","train",30,0.1717492938041687,0.005800705914619442,"","","","","","",""
12060,"2023-09-16 20:04:52.508249","train",30,0.11606936156749725,0.00578615468281207,"","","","","","",""
12080,"2023-09-16 20:04:59.463152","train",30,0.09833129495382309,0.005771573866513182,"","","","","","",""
12100,"2023-09-16 20:05:06.418530","train",30,0.18838347494602203,0.005756963707230364,"","","","","","",""
12120,"2023-09-16 20:05:13.374036","train",30,0.20395220816135406,0.005742324446957217,"","","","","","",""
12140,"2023-09-16 20:05:20.330897","train",30,0.11628103256225586,0.005727656328169354,"","","","","","",""
12160,"2023-09-16 20:05:27.286915","train",30,0.1988915354013443,0.005712959593820381,"","","","","","",""
12180,"2023-09-16 20:05:34.244301","train",30,0.14997971057891846,0.005698234487337878,"","","","","","",""
12200,"2023-09-16 20:05:41.204556","train",30,0.12103964388370514,0.005683481252619358,"","","","","","",""
12220,"2023-09-16 20:05:48.170136","train",30,0.19473938643932343,0.005668700134028239,"","","","","","",""
12240,"2023-09-16 20:05:55.136187","train",30,0.1858823448419571,0.005653891376389782,"","","","","","",""
12260,"2023-09-16 20:06:02.102919","train",30,0.14863714575767517,0.005639055224987051,"","","","","","",""
12280,"2023-09-16 20:06:09.069438","train",30,0.15537776052951813,0.005624191925556843,"","","","","","",""
12300,"2023-09-16 20:06:16.035776","train",30,0.16531163454055786,0.005609301724285613,"","","","","","",""
12320,"2023-09-16 20:06:23.001341","train",30,0.1607164591550827,0.005594384867805406,"","","","","","",""
12340,"2023-09-16 20:06:29.967834","train",30,0.2241314798593521,0.005579441603189764,"","","","","","",""
12360,"2023-09-16 20:06:36.932954","train",30,0.19381974637508392,0.005564472177949641,"","","","","","",""
12380,"2023-09-16 20:06:43.901405","train",30,0.17519459128379822,0.0055494768400292955,"","","","","","",""
12400,"2023-09-16 20:06:50.868232","train",30,0.11252746731042862,0.00553445583780219,"","","","","","",""
12420,"2023-09-16 20:06:57.835060","train",30,0.09979601204395294,0.005519409420066874,"","","","","","",""
12431,"2023-09-16 20:07:57.398081","train",30,"","",0.7952769730488982,0.9462696049568512,0.9594381785091114,0.8620156013273066,0.8645080817005353,1.5322488436151966,0.4777298477210124
12431,"2023-09-16 20:08:10.839396","val",30,"","",0.16566005176876616,0.7023999298573192,0.7046268210659872,0.6593369095420898,0.6639084935507422,4.916768070090046,1.3353614018009248
12440,"2023-09-16 20:08:15.761901","train",31,0.17338234186172485,0.005504337836042861,"","","","","","",""
12460,"2023-09-16 20:08:22.731315","train",31,0.14660781621932983,0.005489241335366508,"","","","","","",""
12480,"2023-09-16 20:08:29.699528","train",31,0.14602379500865936,0.0054741201680868715,"","","","","","",""
12500,"2023-09-16 20:08:36.666654","train",31,0.10193569213151932,0.005458974584661574,"","","","","","",""
12520,"2023-09-16 20:08:43.634496","train",31,0.0993964746594429,0.005443804835952652,"","","","","","",""
12540,"2023-09-16 20:08:50.603178","train",31,0.21496376395225525,0.005428611173222395,"","","","","","",""
12560,"2023-09-16 20:08:57.571721","train",31,0.12924611568450928,0.005413393848129195,"","","","","","",""
12580,"2023-09-16 20:09:04.546475","train",31,0.18885855376720428,0.005398153112723372,"","","","","","",""
12600,"2023-09-16 20:09:11.520699","train",31,0.15520791709423065,0.005382889219442999,"","","","","","",""
12620,"2023-09-16 20:09:18.497446","train",31,0.14058642089366913,0.00536760242110972,"","","","","","",""
12640,"2023-09-16 20:09:25.473311","train",31,0.16778738796710968,0.005352292970924568,"","","","","","",""
12660,"2023-09-16 20:09:32.449342","train",31,0.1631503701210022,0.005336961122463763,"","","","","","",""
12680,"2023-09-16 20:09:39.425673","train",31,0.14382952451705933,0.00532160712967452,"","","","","","",""
12700,"2023-09-16 20:09:46.403032","train",31,0.19924359023571014,0.005306231246870836,"","","","","","",""
12720,"2023-09-16 20:09:53.380211","train",31,0.16033929586410522,0.005290833728729282,"","","","","","",""
12740,"2023-09-16 20:10:00.357451","train",31,0.10269157588481903,0.005275414830284781,"","","","","","",""
12760,"2023-09-16 20:10:07.333222","train",31,0.1548311412334442,0.005259974806926392,"","","","","","",""
12780,"2023-09-16 20:10:14.309820","train",31,0.08073467761278152,0.005244513914393066,"","","","","","",""
12800,"2023-09-16 20:10:21.286872","train",31,0.1950620859861374,0.005229032408769422,"","","","","","",""
12820,"2023-09-16 20:10:28.263261","train",31,0.15957915782928467,0.005213530546481503,"","","","","","",""
12832,"2023-09-16 20:11:28.329727","train",31,"","",0.820208936879993,0.9539598084754375,0.9636027508763756,0.8777438240028426,0.88119120627826,1.3217088508913257,0.419260953172912
12832,"2023-09-16 20:11:41.839804","val",31,"","",0.2545297670405522,0.7359444861157493,0.7565349784092452,0.6668271498002983,0.6719396446824045,4.919201752251156,1.3353614018009248
12840,"2023-09-16 20:11:46.408530","train",32,0.17835023999214172,0.005198008584292526,"","","","","","",""
12860,"2023-09-16 20:11:53.383589","train",32,0.1438002735376358,0.005182466779298629,"","","","","","",""
12880,"2023-09-16 20:12:00.359837","train",32,0.08907878398895264,0.005166905388924615,"","","","","","",""
12900,"2023-09-16 20:12:07.337099","train",32,0.16858366131782532,0.005151324670919685,"","","","","","",""
12920,"2023-09-16 20:12:14.313761","train",32,0.13633687794208527,0.005135724883353174,"","","","","","",""
12940,"2023-09-16 20:12:21.290265","train",32,0.113762766122818,0.005120106284610272,"","","","","","",""
12960,"2023-09-16 20:12:28.266873","train",32,0.09054559469223022,0.005104469133387744,"","","","","","",""
12980,"2023-09-16 20:12:35.243597","train",32,0.07698158174753189,0.005088813688689651,"","","","","","",""
13000,"2023-09-16 20:12:42.221656","train",32,0.08986266702413559,0.005073140209823053,"","","","","","",""
13020,"2023-09-16 20:12:49.198277","train",32,0.16104094684123993,0.005057448956393715,"","","","","","",""
13040,"2023-09-16 20:12:56.176129","train",32,0.11296381056308746,0.005041740188301811,"","","","","","",""
13060,"2023-09-16 20:13:03.152219","train",32,0.08959700912237167,0.005026014165737617,"","","","","","",""
13080,"2023-09-16 20:13:10.129862","train",32,0.1403799057006836,0.005010271149177202,"","","","","","",""
13100,"2023-09-16 20:13:17.106854","train",32,0.14479616284370422,0.0049945113993781105,"","","","","","",""
13120,"2023-09-16 20:13:24.082531","train",32,0.15645501017570496,0.004978735177375049,"","","","","","",""
13140,"2023-09-16 20:13:31.058922","train",32,0.20017167925834656,0.004962942744475557,"","","","","","",""
13160,"2023-09-16 20:13:38.037080","train",32,0.12260808050632477,0.004947134362255682,"","","","","","",""
13180,"2023-09-16 20:13:45.013818","train",32,0.19367708265781403,0.004931310292555648,"","","","","","",""
13200,"2023-09-16 20:13:51.990211","train",32,0.1602470427751541,0.004915470797475511,"","","","","","",""
13220,"2023-09-16 20:13:58.967074","train",32,0.1629045307636261,0.004899616139370831,"","","","","","",""
13233,"2023-09-16 20:14:59.094880","train",32,"","",0.806865068914055,0.9530751285935011,0.963489581498001,0.877217698782639,0.8817629021360636,1.4113091835143703,0.44119328517228834
13233,"2023-09-16 20:15:12.557144","val",32,"","",0.2286453839516825,0.7044908417073418,0.7143715635960135,0.6550578458335676,0.6697493307374057,4.889510829885617,1.323192990995376
13240,"2023-09-16 20:15:16.759800","train",33,0.1237991526722908,0.004883746580848314,"","","","","","",""
13260,"2023-09-16 20:15:23.737779","train",33,0.18003131449222565,0.004867862384761468,"","","","","","",""
13280,"2023-09-16 20:15:30.714420","train",33,0.12222257256507874,0.004851963814206248,"","","","","","",""
13300,"2023-09-16 20:15:37.690227","train",33,0.11351177841424942,0.004836051132516703,"","","","","","",""
13320,"2023-09-16 20:15:44.666174","train",33,0.1102062240242958,0.004820124603260605,"","","","","","",""
13340,"2023-09-16 20:15:51.643082","train",33,0.15385302901268005,0.00480418449023509,"","","","","","",""
13360,"2023-09-16 20:15:58.619518","train",33,0.22066481411457062,0.00478823105746229,"","","","","","",""
13380,"2023-09-16 20:16:05.596751","train",33,0.1376684308052063,0.004772264569184949,"","","","","","",""
13400,"2023-09-16 20:16:12.573406","train",33,0.1816682070493698,0.004756285289862064,"","","","","","",""
13420,"2023-09-16 20:16:19.549813","train",33,0.13518783450126648,0.00474029348416449,"","","","","","",""
13440,"2023-09-16 20:16:26.526308","train",33,0.10493554174900055,0.004724289416970563,"","","","","","",""
13460,"2023-09-16 20:16:33.504193","train",33,0.15252606570720673,0.004708273353361707,"","","","","","",""
13480,"2023-09-16 20:16:40.481240","train",33,0.09341442584991455,0.00469224555861805,"","","","","","",""
13500,"2023-09-16 20:16:47.458268","train",33,0.1456107795238495,0.004676206298214028,"","","","","","",""
13520,"2023-09-16 20:16:54.436178","train",33,0.15188556909561157,0.004660155837813985,"","","","","","",""
13540,"2023-09-16 20:17:01.415391","train",33,0.15603536367416382,0.004644094443267778,"","","","","","",""
13560,"2023-09-16 20:17:08.393697","train",33,0.19604049623012543,0.004628022380606366,"","","","","","",""
13580,"2023-09-16 20:17:15.371417","train",33,0.19187596440315247,0.004611939916037411,"","","","","","",""
13600,"2023-09-16 20:17:22.349902","train",33,0.1019667237997055,0.004595847315940865,"","","","","","",""
13620,"2023-09-16 20:17:29.327231","train",33,0.10996825248003006,0.004579744846864559,"","","","","","",""
13634,"2023-09-16 20:18:29.830707","train",33,"","",0.5966113598454921,0.8878277632302156,0.9088314105860807,0.8108767228235942,0.8228782287822878,2.34203004001871,0.6825528818668468
13634,"2023-09-16 20:18:43.365144","val",33,"","",0.28904227782571185,0.7414378719404713,0.7749660998589324,0.6688799668519338,0.6911657337551715,4.542467753711366,1.2331467510343148
